{
  "answerLine_fontFamily": "Caveat, \"Caveat Fallback\", cursive",
  "tick_fontFamily": "Caveat, \"Caveat Fallback\", cursive",
  "tick_text": "✓",
  "underline_overshoot_px": 0,
  "annotation_score_overlap": false,
  "annotation_box": {
    "x": 1009.578125,
    "y": 964.515625,
    "w": 89.921875,
    "h": 24,
    "right": 1099.5,
    "bottom": 988.515625
  },
  "score_box": {
    "x": 1067.3656005859375,
    "y": 739.4789428710938,
    "w": 51.846923828125,
    "h": 27.1983642578125,
    "right": 1119.2125244140625,
    "bottom": 766.6773071289062
  }
}